{"cameraMode":{"drawMode":0,"name":"Shaded","section":"Shading Mode"},"sceneLighting":true,"audioPlay":false,"sceneViewState":{"showFog":true,"showMaterialUpdate":true,"showSkybox":true,"showFlares":true,"showImageEffects":true,"showParticleSystems":true},"in2DMode":false,"pivot":{"x":-1.8569788932800294,"y":1.9061050415039063,"z":-1.271347999572754},"rotation":{"x":-0.2062084674835205,"y":0.1525217741727829,"z":-0.03255819156765938,"w":-0.9659999012947083},"size":31.98587417602539,"orthographic":false}